Time,PosX,PosY,PosZ,VelX,VelY,VelZ,AccelX,AccelY,AccelZ,AngVelX,AngVelY,AngVelZ,Pitch,Roll,PitchVel,RollVel,PilotID
0.08,542.35,77.36076,-1015.7,0,-0.7848,0,0,-9.81,0,0,0,0,0,DefaultPilot
0.09999999,542.35,77.34114,-1015.7,0,-0.981,0,0,-9.81,0,0,0,0,0,DefaultPilot
0.12,542.35,77.3224,-1015.7,-3.366785E-08,-0.9372,-5.722046E-08,0,2.210708,0,0,0,0,0,DefaultPilot
0.14,542.35,77.30453,-1015.7,-8.373576E-08,-0.8934,-8.912058E-08,0,2.133232,0,0,0,0,0,DefaultPilot
0.16,542.35,77.28706,-1015.7,-1.283983E-07,-0.8733887,-1.164325E-07,0,1.034983,0.005410495,8.637293E-05,-2.879098E-05,0.004578075,-0.001525849,DefaultPilot
0.18,542.35,77.26952,-1015.7,-1.526577E-05,-0.8771662,5.675171E-06,0,-0.1809787,0.01712546,0.0003095024,-0.0001295595,0.01182547,-0.005340591,DefaultPilot
0.2,542.35,77.25142,-1015.7,-6.819863E-05,-0.9047325,2.591683E-05,0,-1.377544,0.03715199,0.0007773557,-0.0003166985,0.02478686,-0.009918186,DefaultPilot
0.22,542.35,77.23312,-1015.7,-0.0002140246,-0.9152631,8.118847E-05,0.006438067,-0.4912561,0.05416629,0.001410765,-0.0005614245,0.0335689,-0.01296937,DefaultPilot
0.24,542.35,77.21494,-1015.7,-0.0005018553,-0.908758,0.0001913154,0.00198483,0.3235224,0.06650596,0.002152142,-0.0008277443,0.0393016,-0.01411513,DefaultPilot
0.26,542.35,77.19734,-1015.7,-0.0009838131,-0.8800035,0.0003810346,-0.0014006,1.42686,0.07227708,0.00292232,-0.001079657,0.04081696,-0.01335056,DefaultPilot
0.28,542.3499,77.18052,-1015.7,-0.001662746,-0.8411952,0.0006550022,-0.007021234,1.963588,0.07597512,0.003685251,-0.001353177,0.04042751,-0.0144956,DefaultPilot
0.3,542.3499,77.16457,-1015.7,-0.002535566,-0.7973971,0.001011905,-0.008126893,2.163376,0.07977884,0.004470016,-0.001583498,0.04155947,-0.0122068,DefaultPilot
0.32,542.3498,77.14909,-1015.7,-0.003497534,-0.7739707,0.001411571,-0.0060672,1.20936,0.09188408,0.005333681,-0.00179945,0.04578869,-0.01144349,DefaultPilot
0.34,542.3497,77.13367,-1015.7,-0.004528535,-0.7709162,0.001851131,-0.00259394,0.1587681,0.1101863,0.006326802,-0.00202256,0.05265686,-0.01182565,DefaultPilot
0.36,542.3496,77.11819,-1015.7,-0.00570152,-0.7743011,0.002365644,-0.00260473,-0.1709793,0.1281786,0.007442678,-0.002288895,0.0591291,-0.01411403,DefaultPilot
0.38,542.3495,77.1025,-1015.7,-0.007025331,-0.7841254,0.002956417,-0.004534736,-0.4896065,0.1475633,0.008622596,-0.002605619,0.06253001,-0.0167825,DefaultPilot
0.4,542.3493,77.08649,-1015.7,-0.008505892,-0.8003896,0.003617467,-0.006157236,-0.8073816,0.1685354,0.009890167,-0.00297988,0.06714983,-0.01983736,DefaultPilot
0.42,542.3491,77.07061,-1015.7,-0.01041686,-0.7943573,0.004458691,-0.01555246,0.305351,0.177447,0.01117089,-0.003375835,0.06791291,-0.02097856,DefaultPilot
0.44,542.3489,77.05529,-1015.7,-0.01282248,-0.7660295,0.005496104,-0.03121077,1.427161,0.1794243,0.01240914,-0.003829271,0.06560513,-0.0240374,DefaultPilot
0.46,542.3486,77.04063,-1015.699,-0.01557337,-0.7326217,0.006648193,-0.04205965,1.716024,0.1844856,0.0136339,-0.004325811,0.06484921,-0.02631962,DefaultPilot
0.48,542.3482,77.02673,-1015.699,-0.01867169,-0.6950174,0.007906318,-0.0522577,1.912248,0.1893309,0.01485402,-0.004851366,0.06485842,-0.02784736,DefaultPilot
0.5,542.3478,77.01367,-1015.699,-0.02213023,-0.6532173,0.009273396,-0.0510268,2.136836,0.196183,0.01615449,-0.005247019,0.06863882,-0.02098053,DefaultPilot
0.52,542.3473,77.00105,-1015.699,-0.02558596,-0.6307629,0.01063109,-0.03645939,1.124776,0.2169561,0.01754563,-0.005484423,0.07400847,-0.0125885,DefaultPilot
0.54,542.3467,76.9885,-1015.699,-0.02898929,-0.6276539,0.01198579,-0.02604614,0.1707256,0.2409811,0.01899331,-0.005671777,0.0767186,-0.009918114,DefaultPilot
0.56,542.3461,76.97587,-1015.698,-0.03251694,-0.6317721,0.01342106,-0.02552693,-0.2114639,0.2616081,0.02048284,-0.005901894,0.07858297,-0.01220703,DefaultPilot
0.58,542.3453,76.96301,-1015.698,-0.0361601,-0.6431178,0.01492237,-0.03070626,-0.6228801,0.2843801,0.02193833,-0.006298107,0.07745272,-0.02098123,DefaultPilot
0.6,542.3445,76.94977,-1015.698,-0.03991491,-0.661691,0.01645562,-0.03758573,-0.9053631,0.3099922,0.02337365,-0.006902184,0.07591553,-0.03204596,DefaultPilot
0.62,542.3436,76.93661,-1015.697,-0.04444576,-0.6581312,0.0182377,-0.05756587,0.1969339,0.3139315,0.02481797,-0.007571524,0.0766901,-0.03547898,DefaultPilot
0.64,542.3427,76.92396,-1015.697,-0.04983697,-0.6324408,0.02026273,-0.08084749,1.297116,0.3104748,0.02629797,-0.00827745,0.07856835,-0.037392,DefaultPilot
0.66,542.3416,76.91197,-1015.697,-0.05578604,-0.5994592,0.02240209,-0.1020317,1.716925,0.3119877,0.02776684,-0.009069495,0.07781724,-0.04197868,DefaultPilot
0.68,542.3403,76.90073,-1015.696,-0.06224998,-0.5617469,0.02462663,-0.1243829,1.911044,0.3133671,0.02920458,-0.009976023,0.07591373,-0.04807318,DefaultPilot
0.7,542.3389,76.89035,-1015.696,-0.06924801,-0.5193051,0.0269269,-0.1233351,2.174869,0.3186161,0.03069104,-0.01071819,0.07896125,-0.03928345,DefaultPilot
0.72,542.3374,76.8804,-1015.695,-0.07600282,-0.4976192,0.02907355,-0.09674227,1.113721,0.3519856,0.03231317,-0.01124396,0.08582102,-0.02784767,DefaultPilot
0.74,542.3358,76.87047,-1015.694,-0.0824426,-0.4966879,0.0310884,-0.08005109,0.08179291,0.3887175,0.03400422,-0.01166066,0.08964641,-0.02212525,DefaultPilot
0.76,542.334,76.8604,-1015.694,-0.08894195,-0.5036103,0.03311833,-0.07877646,-0.3171045,0.4159304,0.03570983,-0.01212782,0.09041253,-0.02479556,DefaultPilot
0.78,542.3321,76.85003,-1015.693,-0.0954818,-0.5183858,0.03514856,-0.08451831,-0.66475,0.4449594,0.03736505,-0.01281194,0.08774029,-0.03623736,DefaultPilot
0.8,542.3301,76.83921,-1015.692,-0.1020481,-0.5410143,0.03713524,-0.0922083,-1.102578,0.4766133,0.03889139,-0.01379116,0.08125315,-0.05189549,DefaultPilot
0.82,542.3279,76.82841,-1015.691,-0.109893,-0.5396859,0.03937841,-0.1249242,0.1124418,0.4664938,0.04041907,-0.01488418,0.08087196,-0.05798304,DefaultPilot
0.84,542.3255,76.81813,-1015.691,-0.1191195,-0.5144051,0.04183883,-0.1644703,1.304018,0.4457411,0.04193307,-0.01605219,0.08010867,-0.06181782,DefaultPilot
0.86,542.3229,76.80852,-1015.69,-0.1291577,-0.4804869,0.04432941,-0.2045441,1.7762,0.4361973,0.04337435,-0.01740346,0.07629395,-0.07173565,DefaultPilot
0.88,542.3201,76.79969,-1015.689,-0.1398909,-0.4412922,0.046786,-0.2401506,2.061087,0.4290661,0.04471029,-0.01890789,0.07133555,-0.07974357,DefaultPilot
0.9,542.3171,76.79173,-1015.688,-0.1512964,-0.3977752,0.04917663,-0.2346898,2.199825,0.4327552,0.04619092,-0.02021313,0.07820128,-0.06904118,DefaultPilot
0.92,542.3138,76.78419,-1015.687,-0.1620604,-0.376769,0.05126641,-0.1957136,1.118242,0.485176,0.04783621,-0.02123057,0.08735869,-0.05415816,DefaultPilot
0.94,542.3104,76.77663,-1015.686,-0.1720972,-0.3782706,0.05311259,-0.1766783,-0.0009450555,0.5403214,0.04962967,-0.02212896,0.09498805,-0.04730048,DefaultPilot
0.96,542.3068,76.76887,-1015.685,-0.1820938,-0.3879021,0.05489001,-0.1782555,-0.3875366,0.5739619,0.0514463,-0.02309147,0.09612814,-0.05111999,DefaultPilot
0.98,542.3029,76.76076,-1015.683,-0.1920269,-0.4056628,0.05658828,-0.1878527,-0.8079168,0.610993,0.05315863,-0.02433008,0.09040782,-0.06562573,DefaultPilot
1,542.2989,76.75213,-1015.682,-0.2018753,-0.4315519,0.05815779,-0.1985582,-1.207006,0.6520544,0.05471846,-0.02596274,0.08239746,-0.08659723,DefaultPilot
1.02,542.2946,76.74348,-1015.681,-0.2136225,-0.4322206,0.05980641,-0.2419598,0.06782734,0.6224751,0.05621906,-0.0277741,0.07972715,-0.09611648,DefaultPilot
1.04,542.29,76.73533,-1015.68,-0.2273939,-0.4076769,0.06144559,-0.295636,1.342517,0.5780101,0.05769668,-0.02968222,0.07858264,-0.1011028,DefaultPilot
1.06,542.2852,76.72787,-1015.679,-0.2423204,-0.3732077,0.06291467,-0.3595951,1.789617,0.5496517,0.05903422,-0.03183741,0.07095741,-0.1140459,DefaultPilot
1.08,542.28,76.72121,-1015.677,-0.2581698,-0.332933,0.06413715,-0.4021572,2.129583,0.5319627,0.06031637,-0.03410798,0.06789969,-0.1204939,DefaultPilot
1.1,542.2745,76.71542,-1015.676,-0.2747717,-0.2897097,0.06508304,-0.3911759,2.276372,0.5368335,0.06174514,-0.03613479,0.07629465,-0.1075662,DefaultPilot
1.12,542.2687,76.71,-1015.675,-0.2901804,-0.2709433,0.06570041,-0.3460725,1.076031,0.6166521,0.06341734,-0.03788801,0.08812039,-0.09268128,DefaultPilot
1.14,542.2626,76.70447,-1015.673,-0.3042881,-0.2766277,0.06608071,-0.332156,-0.1470337,0.6961326,0.06517105,-0.03953452,0.09269668,-0.08735762,DefaultPilot
1.16,542.2563,76.69869,-1015.672,-0.3183492,-0.2888633,0.06630759,-0.3431044,-0.4292941,0.7322551,0.06684264,-0.04127767,0.08926342,-0.09193174,DefaultPilot
1.18,542.2496,76.69254,-1015.671,-0.3323313,-0.307649,0.06636946,-0.3609715,-0.7944128,0.7700241,0.06833817,-0.04329951,0.07858282,-0.1071574,DefaultPilot
1.2,542.2427,76.68588,-1015.669,-0.3461986,-0.3329829,0.06621709,-0.3781081,-1.052148,0.8105853,0.06954217,-0.04571193,0.06408723,-0.1277777,DefaultPilot
1.22,542.2355,76.67921,-1015.668,-0.3625496,-0.3332876,0.06569237,-0.4243103,0.1717779,0.7523544,0.07066161,-0.04827242,0.05913498,-0.1358846,DefaultPilot
1.24,542.2278,76.67304,-1015.667,-0.3814947,-0.3085743,0.06465445,-0.476681,1.446973,0.6791824,0.07176968,-0.05083087,0.058375,-0.1362243,DefaultPilot
1.26,542.2198,76.66755,-1015.665,-0.4017639,-0.2745175,0.06310889,-0.5540731,1.893894,0.6307107,0.07263803,-0.05367626,0.04656626,-0.1503634,DefaultPilot
1.28,542.2113,76.66284,-1015.664,-0.4230034,-0.235389,0.06102169,-0.6054767,2.204823,0.5994419,0.07343377,-0.05661242,0.04200345,-0.1559884,DefaultPilot
1.3,542.2024,76.65897,-1015.663,-0.4450262,-0.1934109,0.0583894,-0.5897753,2.382833,0.6013783,0.07444309,-0.05932098,0.05379703,-0.1434653,DefaultPilot
1.32,542.1931,76.65546,-1015.662,-0.4652606,-0.1760213,0.05560011,-0.5496328,1.110657,0.7075596,0.07577575,-0.06174722,0.07057195,-0.1281774,DefaultPilot
1.34,542.1835,76.65179,-1015.661,-0.483611,-0.1832113,0.05279929,-0.5468179,-0.1171693,0.8106977,0.07724398,-0.06400997,0.07781988,-0.1197824,DefaultPilot
1.36,542.1735,76.64786,-1015.66,-0.5017688,-0.1968767,0.04980581,-0.562655,-0.4440986,0.852459,0.07865045,-0.06628124,0.0743866,-0.1209181,DefaultPilot
1.38,542.1631,76.64352,-1015.659,-0.5196945,-0.2170151,0.04662625,-0.5826741,-0.758961,0.8942385,0.07979511,-0.06878172,0.06064619,-0.1327668,DefaultPilot
1.4,542.1523,76.63864,-1015.658,-0.5373349,-0.243623,0.04322506,-0.6028894,-1.043179,0.9372069,0.08051854,-0.07161542,0.03816969,-0.1503054,DefaultPilot
1.42,542.1412,76.63375,-1015.657,-0.5580348,-0.2445519,0.03880873,-0.642136,0.2504809,0.8453193,0.08105619,-0.07458073,0.02898918,-0.1571103,DefaultPilot
1.44,542.1295,76.62936,-1015.657,-0.5818685,-0.2198157,0.03319062,-0.6896945,1.573434,0.7349718,0.08154983,-0.07754266,0.02592229,-0.1575397,DefaultPilot
1.46,542.1174,76.62563,-1015.656,-0.6070603,-0.1863302,0.02670158,-0.7718154,2.007875,0.6640272,0.08171804,-0.08075823,0.008734517,-0.1705178,DefaultPilot
1.48,542.1047,76.62268,-1015.656,-0.6332113,-0.1477319,0.01937442,-0.8151302,2.22935,0.6226751,0.08185828,-0.08400641,0.007668912,-0.1701272,DefaultPilot
1.5,542.0916,76.62053,-1015.655,-0.6599433,-0.1075128,0.01131345,-0.7963853,2.361551,0.6259793,0.0823064,-0.08699998,0.02363331,-0.1583159,DefaultPilot
1.52,542.0779,76.6187,-1015.655,-0.6843086,-0.09159839,0.003511555,-0.7719559,1.154698,0.755139,0.08306045,-0.08976347,0.04005888,-0.1464844,DefaultPilot
1.54,542.0638,76.6167,-1015.655,-0.7062406,-0.09997679,-0.003863489,-0.7855266,-0.03579614,0.8770078,0.08389641,-0.09242583,0.04425028,-0.1415249,DefaultPilot
1.56,542.0493,76.61441,-1015.656,-0.7278261,-0.1143191,-0.0114408,-0.8061595,-0.2916005,0.9190031,0.08464366,-0.09512519,0.0396753,-0.1430532,DefaultPilot
1.58,542.0343,76.61172,-1015.656,-0.7490267,-0.1346222,-0.01920847,-0.8292607,-0.6130769,0.960367,0.0851135,-0.09794864,0.02480055,-0.1502942,DefaultPilot
1.6,542.0189,76.6085,-1015.657,-0.7697868,-0.1608816,-0.02718352,-0.8536382,-0.9208875,1.005376,0.08517867,-0.1010169,0.003398853,-0.1609788,DefaultPilot
1.62,542.0031,76.60526,-1015.657,-0.7939087,-0.1617465,-0.03697685,-0.8735795,0.3764799,0.8829072,0.08505607,-0.1040914,-0.006511842,-0.1651588,DefaultPilot
1.64,541.9866,76.60252,-1015.658,-0.8214215,-0.1372329,-0.04878804,-0.9050313,1.647836,0.7409129,0.08486926,-0.1072254,-0.009968597,-0.1628805,DefaultPilot
1.66,541.9696,76.60043,-1015.66,-0.850189,-0.1046442,-0.06179687,-0.9764945,2.074161,0.656738,0.08439345,-0.1103705,-0.02509801,-0.1693806,DefaultPilot
1.68,541.952,76.59908,-1015.661,-0.8797631,-0.06741139,-0.07586006,-1.015566,2.325254,0.6062541,0.08389,-0.1135124,-0.02659828,-0.1667065,DefaultPilot
1.7,541.9338,76.5985,-1015.663,-0.9097273,-0.02886321,-0.09077212,-0.995779,2.38269,0.6081876,0.0837387,-0.1164917,-0.00801601,-0.1567837,DefaultPilot
1.72,541.9151,76.59821,-1015.665,-0.9368455,-0.01440887,-0.104799,-0.9913812,1.211686,0.7565421,0.08391161,-0.1192029,0.009146243,-0.1449578,DefaultPilot
1.74,541.8959,76.59772,-1015.667,-0.9610935,-0.0240351,-0.1177555,-1.026981,0.03100201,0.8939713,0.08421373,-0.1218665,0.01602006,-0.1415262,DefaultPilot
1.76,541.8762,76.59695,-1015.67,-0.9848721,-0.03906958,-0.1308336,-1.05188,-0.2548306,0.933256,0.08445829,-0.1245338,0.01297085,-0.1411432,DefaultPilot
1.78,541.856,76.59576,-1015.673,-1.008154,-0.05950882,-0.144012,-1.078014,-0.5158429,0.9736472,0.08445833,-0.1273058,4.203209E-06,-0.1453402,DefaultPilot
1.8,541.8354,76.59405,-1015.676,-1.03089,-0.08534849,-0.1572959,-1.101959,-0.7683198,1.017947,0.08405531,-0.1301832,-0.0213581,-0.1533509,DefaultPilot
1.82,541.8143,76.59234,-1015.68,-1.057207,-0.08533044,-0.1732538,-1.095488,0.5457084,0.8706133,0.08347947,-0.1330667,-0.03048671,-0.1541135,DefaultPilot
1.84,541.7925,76.59115,-1015.683,-1.087092,-0.05947171,-0.1920844,-1.104635,1.839857,0.6987341,0.08275971,-0.1359099,-0.03818113,-0.1514435,DefaultPilot
1.86,541.7702,76.59061,-1015.688,-1.117917,-0.02722673,-0.2122377,-1.164601,2.233789,0.6136993,0.08179522,-0.1388148,-0.0510282,-0.1533508,DefaultPilot
1.88,541.7472,76.59079,-1015.692,-1.149342,0.00911814,-0.2335438,-1.19717,2.374958,0.560052,0.08080896,-0.1416581,-0.05228563,-0.1499177,DefaultPilot
1.9,541.7236,76.59172,-1015.697,-1.180954,0.0464801,-0.2557085,-1.174605,2.475903,0.5632708,0.08016114,-0.1443314,-0.03432977,-0.1403805,DefaultPilot
1.92,541.6994,76.59293,-1015.703,-1.20945,0.06026576,-0.2762817,-1.194966,1.29307,0.7217254,0.07984461,-0.1467877,-0.01678439,-0.1312259,DefaultPilot
1.94,541.6747,76.59393,-1015.709,-1.234843,0.05048922,-0.2950816,-1.25107,0.1050029,0.8691003,0.07967878,-0.1491565,-0.008773667,-0.1251343,DefaultPilot
1.96,541.6495,76.59464,-1015.715,-1.259576,0.03509881,-0.3138064,-1.27617,-0.1644686,0.9121071,0.07948448,-0.1514453,-0.01029992,-0.1209543,DefaultPilot
1.98,541.6238,76.59492,-1015.722,-1.283627,0.01409988,-0.3324194,-1.303496,-0.4315717,0.9603676,0.07908872,-0.1536687,-0.02098329,-0.1193844,DefaultPilot
2,541.5977,76.59467,-1015.729,-1.306951,-0.01250084,-0.3509044,-1.328798,-0.7446594,1.010198,0.07829722,-0.1559424,-0.04197379,-0.1197828,DefaultPilot
2.02,541.571,76.59437,-1015.736,-1.333571,-0.01490268,-0.3725986,-1.293308,0.4964246,0.8599609,0.07729653,-0.1581264,-0.05298625,-0.1163353,DefaultPilot
2.04,541.5437,76.59451,-1015.744,-1.363429,0.006884143,-0.3976518,-1.258104,1.719461,0.6981552,0.07626781,-0.1602183,-0.05449794,-0.1098289,DefaultPilot
2.06,541.5158,76.59525,-1015.753,-1.394324,0.03705415,-0.4243217,-1.310482,2.143314,0.589718,0.07492933,-0.1623008,-0.07091238,-0.1094897,DefaultPilot
2.08,541.4873,76.59669,-1015.762,-1.425753,0.0722719,-0.4522409,-1.340139,2.404227,0.519763,0.07353107,-0.1642643,-0.07401036,-0.1044826,DefaultPilot
2.1,541.4582,76.59886,-1015.771,-1.457181,0.1086649,-0.4809269,-1.317162,2.456567,0.5215386,0.07243706,-0.1661045,-0.05796459,-0.09728061,DefaultPilot
2.12,541.4285,76.60128,-1015.782,-1.485211,0.1207469,-0.5071356,-1.362279,1.243725,0.6932228,0.07166202,-0.1677777,-0.04119468,-0.08889299,DefaultPilot
2.14,541.3983,76.60345,-1015.792,-1.509902,0.1085286,-0.5307102,-1.437418,0.05174042,0.8496562,0.07108567,-0.1693518,-0.03051757,-0.08351076,DefaultPilot
2.16,541.3676,76.60528,-1015.803,-1.533861,0.09121974,-0.5540119,-1.461708,-0.2081056,0.8876297,0.07051484,-0.1708141,-0.03013612,-0.07712077,DefaultPilot
2.18,541.3364,76.60665,-1015.815,-1.557082,0.0688252,-0.5770045,-1.483536,-0.5095446,0.9340101,0.06978012,-0.1721887,-0.03890863,-0.07369865,DefaultPilot
2.2,541.3048,76.60748,-1015.827,-1.579532,0.04135102,-0.5996687,-1.503632,-0.736073,0.9844308,0.06870089,-0.1735189,-0.05722007,-0.07017501,DefaultPilot
2.22,541.2727,76.60825,-1015.839,-1.605134,0.03890879,-0.6261088,-1.43639,0.4832154,0.8271555,0.06747193,-0.174752,-0.06523374,-0.06516191,DefaultPilot
2.24,541.2401,76.60948,-1015.852,-1.633794,0.06149615,-0.6564255,-1.377799,1.756101,0.6525502,0.06617559,-0.1758461,-0.06865674,-0.05832584,DefaultPilot
2.26,541.2068,76.61131,-1015.866,-1.663146,0.09152193,-0.6882199,-1.415976,2.101425,0.5506852,0.06460913,-0.1768551,-0.08313659,-0.05341233,DefaultPilot
2.28,541.1729,76.61385,-1015.881,-1.692814,0.1265046,-0.7211422,-1.443591,2.322669,0.475153,0.06296286,-0.1777658,-0.08698353,-0.0484735,DefaultPilot
2.3,541.1385,76.6171,-1015.896,-1.722308,0.1627485,-0.7546443,-1.417488,2.397961,0.4829358,0.06156807,-0.1785662,-0.07400113,-0.04298185,DefaultPilot
2.32,541.1035,76.62058,-1015.911,-1.748337,0.1738238,-0.7848434,-1.482974,1.126394,0.6574358,0.06047594,-0.1792578,-0.05798509,-0.03590572,DefaultPilot
2.34,541.0681,76.62378,-1015.928,-1.770998,0.1597337,-0.8116274,-1.574148,-0.1722549,0.814558,0.05960842,-0.1798091,-0.04577634,-0.02970192,DefaultPilot
2.36,541.0323,76.62659,-1015.944,-1.792897,0.1409196,-0.8379264,-1.592489,-0.3550186,0.8493802,0.0587897,-0.1802602,-0.04348777,-0.02366171,DefaultPilot
2.38,540.996,76.62894,-1015.962,-1.814038,0.117385,-0.8637083,-1.607578,-0.6450579,0.8929094,0.05787272,-0.1805915,-0.04882813,-0.01757694,DefaultPilot
2.4,540.9594,76.63073,-1015.979,-1.834404,0.08913453,-0.8889554,-1.621579,-0.9551248,0.9413406,0.05662487,-0.1808318,-0.06598471,-0.01288314,DefaultPilot
2.42,540.9222,76.63245,-1015.998,-1.857511,0.08593886,-0.9181682,-1.529036,0.3181594,0.7909716,0.05523012,-0.1809675,-0.07401013,-0.006928783,DefaultPilot
2.44,540.8845,76.63461,-1016.017,-1.883237,0.1078054,-0.9513893,-1.436658,1.574969,0.6351858,0.05378764,-0.1809814,-0.07629867,-0.0007632201,DefaultPilot
2.46,540.8463,76.63737,-1016.037,-1.909534,0.1380306,-0.9860806,-1.466717,1.905344,0.5247021,0.05208341,-0.1808949,-0.09042666,0.004723358,DefaultPilot
2.48,540.8076,76.64083,-1016.057,-1.93596,0.1733579,-1.021728,-1.491421,2.203436,0.4430511,0.05028953,-0.1806912,-0.09500072,0.01072236,DefaultPilot
2.5,540.7684,76.64503,-1016.078,-1.96206,0.209979,-1.057716,-1.460414,2.231058,0.4549651,0.0487028,-0.1804128,-0.08353346,0.01483222,DefaultPilot
2.52,540.7287,76.64945,-1016.1,-1.984909,0.2211492,-1.08987,-1.534966,0.9513678,0.6224325,0.04739533,-0.180045,-0.06980942,0.01934993,DefaultPilot
2.54,540.6886,76.65359,-1016.122,-2.004637,0.2068618,-1.118137,-1.631494,-0.3366888,0.7656987,0.0463093,-0.1795838,-0.05760202,0.02436599,DefaultPilot
2.56,540.6481,76.65733,-1016.145,-2.023469,0.1868794,-1.145548,-1.649387,-0.6521872,0.7994996,0.04529411,-0.1790008,-0.05416903,0.03083106,DefaultPilot
2.58,540.6073,76.66055,-1016.169,-2.041428,0.1612035,-1.172077,-1.665643,-0.9482301,0.8429677,0.04418078,-0.1782882,-0.05836503,0.03782899,DefaultPilot
2.6,540.5661,76.66315,-1016.193,-2.058506,0.1298366,-1.197708,-1.679026,-1.35407,0.8935449,0.04285279,-0.1773957,-0.07057281,0.04728791,DefaultPilot
2.62,540.5245,76.66563,-1016.217,-2.077894,0.1244319,-1.227345,-1.565301,-0.04347393,0.7518632,0.0414097,-0.1763664,-0.07667313,0.05455029,DefaultPilot
2.64,540.4825,76.66853,-1016.242,-2.099452,0.1450071,-1.260957,-1.453338,1.222019,0.6076492,0.03996707,-0.1751788,-0.07591216,0.06315722,DefaultPilot
2.66,540.4401,76.67204,-1016.268,-2.121444,0.1749697,-1.295926,-1.457149,1.669354,0.5087159,0.03841889,-0.1738545,-0.08239626,0.07020145,DefaultPilot
2.68,540.3973,76.67625,-1016.295,-2.143482,0.2108658,-1.331673,-1.494347,1.916385,0.4010599,0.03668414,-0.1724146,-0.09193843,0.07620595,DefaultPilot
2.7,540.354,76.68123,-1016.322,-2.165138,0.2485563,-1.367523,-1.457844,1.952086,0.4123115,0.03510744,-0.170917,-0.08354037,0.07932813,DefaultPilot
2.72,540.3103,76.68643,-1016.35,-2.183895,0.2600023,-1.399176,-1.53566,0.6566349,0.5644497,0.03383536,-0.1693333,-0.06752026,0.08397738,DefaultPilot
2.74,540.2663,76.69134,-1016.379,-2.199907,0.245186,-1.426649,-1.627023,-0.7062486,0.6874813,0.03289259,-0.1676953,-0.04997218,0.08701328,DefaultPilot
2.76,540.222,76.69582,-1016.408,-2.215055,0.2240684,-1.452965,-1.632999,-1.048954,0.7193021,0.03206583,-0.165943,-0.04386823,0.09285349,DefaultPilot
2.78,540.1774,76.69975,-1016.437,-2.229374,0.1966467,-1.478115,-1.634411,-1.373914,0.7650451,0.03116544,-0.1640809,-0.04731102,0.09875822,DefaultPilot
2.8,540.1325,76.703,-1016.467,-2.242867,0.1629196,-1.502102,-1.633963,-1.694452,0.8171989,0.0300018,-0.1620976,-0.06217936,0.105269,DefaultPilot
2.82,540.0873,76.70616,-1016.498,-2.258326,0.157743,-1.530034,-1.497575,-0.3727883,0.6863178,0.02866557,-0.1599828,-0.07095328,0.1121745,DefaultPilot
2.84,540.0418,76.70979,-1016.529,-2.27559,0.1811425,-1.561816,-1.367303,1.043847,0.555718,0.02732591,-0.1577149,-0.07095319,0.1198057,DefaultPilot
2.86,539.996,76.71405,-1016.561,-2.292985,0.2130984,-1.594468,-1.353334,1.442301,0.4791995,0.02593748,-0.1553599,-0.07324217,0.1254945,DefaultPilot
2.88,539.9498,76.71905,-1016.594,-2.310205,0.2500449,-1.627424,-1.376374,1.528226,0.3959638,0.02447109,-0.1528605,-0.07781801,0.1319595,DefaultPilot
2.9,539.9033,76.72482,-1016.627,-2.32696,0.2883467,-1.660125,-1.342394,1.644276,0.4076554,0.02314167,-0.1502953,-0.07095337,0.1356744,DefaultPilot
2.92,539.8564,76.7308,-1016.66,-2.341291,0.2994738,-1.688622,-1.413395,0.2644445,0.5400052,0.02198482,-0.1476693,-0.06103387,0.1389047,DefaultPilot
2.94,539.8094,76.73647,-1016.695,-2.353349,0.2834019,-1.713001,-1.487207,-1.076881,0.6478691,0.02101688,-0.1450336,-0.05111948,0.1411024,DefaultPilot
2.96,539.7621,76.74168,-1016.729,-2.364608,0.2606425,-1.736092,-1.479303,-1.451647,0.6737065,0.02013169,-0.1422711,-0.04653406,0.1460544,DefaultPilot
2.98,539.7146,76.74631,-1016.765,-2.375105,0.2311903,-1.757906,-1.468239,-1.856148,0.7050983,0.01923095,-0.1393862,-0.04807023,0.1523384,DefaultPilot
3,539.6669,76.75021,-1016.8,-2.384857,0.1950409,-1.778456,-1.456849,-2.288488,0.7364078,0.01819897,-0.1363925,-0.05493411,0.1593783,DefaultPilot
3.02,539.619,76.75394,-1016.836,-2.39589,0.1867012,-1.802101,-1.323804,-0.9340926,0.6282029,0.01712015,-0.13323,-0.05722122,0.1666794,DefaultPilot
3.04,539.5709,76.75806,-1016.873,-2.408066,0.2061976,-1.828681,-1.201218,0.4270091,0.5251377,0.01604917,-0.1299744,-0.05645752,0.1724994,DefaultPilot
3.06,539.5225,76.76279,-1016.91,-2.420344,0.2366128,-1.85598,-1.197963,0.9201263,0.4104777,0.01493502,-0.1265875,-0.05950929,0.1788455,DefaultPilot
3.08,539.4738,76.7683,-1016.948,-2.432539,0.2754361,-1.883615,-1.25917,1.285923,0.2435897,0.01357614,-0.1231456,-0.07171652,0.1849419,DefaultPilot
3.1,539.4249,76.77464,-1016.986,-2.444301,0.3168287,-1.910838,-1.202848,1.395168,0.2667654,0.01231986,-0.1196157,-0.06637574,0.1846915,DefaultPilot
3.12,539.3759,76.78119,-1017.024,-2.454057,0.3274657,-1.933913,-1.247271,-0.1541067,0.3862672,0.01131564,-0.1161112,-0.05379042,0.1857463,DefaultPilot
3.14,539.3266,76.78734,-1017.064,-2.461987,0.3073164,-1.953013,-1.297989,-1.692042,0.4650219,0.01066477,-0.1126551,-0.03395865,0.1845864,DefaultPilot
3.16,539.2772,76.79295,-1017.103,-2.469321,0.2805471,-1.970859,-1.266665,-2.023518,0.4797196,0.01022978,-0.109097,-0.02326117,0.1865116,DefaultPilot
3.18,539.2277,76.79789,-1017.143,-2.47611,0.2471504,-1.987476,-1.230927,-2.383357,0.5061039,0.009825216,-0.1055017,-0.02138503,0.1911467,DefaultPilot
3.2,539.1781,76.80203,-1017.183,-2.482375,0.2071203,-2.002894,-1.194842,-2.809772,0.5347384,0.009264033,-0.1017748,-0.02973773,0.1972868,DefaultPilot
3.22,539.1283,76.80602,-1017.223,-2.489593,0.1991139,-2.020832,-1.053904,-1.247002,0.4535559,0.008623564,-0.09800023,-0.03394726,0.2033476,DefaultPilot
3.24,539.0784,76.81048,-1017.264,-2.497628,0.2231556,-2.041057,-0.9304221,0.3200924,0.3766272,0.007951906,-0.09402352,-0.03548827,0.2071505,DefaultPilot
3.26,539.0283,76.81563,-1017.305,-2.505591,0.2573437,-2.061393,-0.9289995,0.7850328,0.2783844,0.007232849,-0.09002763,-0.03814699,0.2121176,DefaultPilot
3.28,538.978,76.82159,-1017.347,-2.513327,0.2981648,-2.081453,-0.9779846,1.108974,0.1352114,0.006397626,-0.08597005,-0.04424953,0.2159017,DefaultPilot
3.3,538.9276,76.82841,-1017.389,-2.520658,0.3410515,-2.100797,-0.9189731,1.178713,0.167102,0.005608599,-0.08186293,-0.04196096,0.2159346,DefaultPilot
3.32,538.877,76.83543,-1017.431,-2.526571,0.3507852,-2.116696,-0.9378119,-0.5050002,0.2647662,0.004950793,-0.07788854,-0.03471665,0.2151712,DefaultPilot
3.34,538.8264,76.84198,-1017.474,-2.531214,0.3273395,-2.129388,-0.9507667,-2.131657,0.3275025,0.004492898,-0.07371764,-0.02442027,0.2155453,DefaultPilot
3.36,538.7757,76.84792,-1017.517,-2.535401,0.2970793,-2.140951,-0.8995554,-2.544961,0.3399787,0.004151579,-0.06963383,-0.01790949,0.2178086,DefaultPilot
3.38,538.7249,76.85313,-1017.56,-2.539168,0.2599983,-2.151424,-0.8436368,-2.903664,0.3565552,0.003843813,-0.06547772,-0.01642301,0.2227827,DefaultPilot
3.4,538.6741,76.85744,-1017.603,-2.542538,0.2160903,-2.160847,-0.7887926,-3.250655,0.3684029,0.003476516,-0.06117434,-0.01945706,0.2300017,DefaultPilot
3.42,538.6232,76.86159,-1017.646,-2.54637,0.2069836,-2.171661,-0.6646322,-1.60292,0.3136075,0.003094307,-0.05667572,-0.02022075,0.2353757,DefaultPilot
3.44,538.5721,76.86624,-1017.69,-2.550545,0.2326943,-2.183568,-0.5588546,0.09363088,0.267066,0.002749058,-0.05226532,-0.01831055,0.2364743,DefaultPilot
3.46,538.5211,76.87161,-1017.734,-2.554531,0.2687451,-2.195054,-0.58174,0.577376,0.1524181,0.002403568,-0.04766029,-0.0183106,0.2395654,DefaultPilot
3.48,538.4699,76.87784,-1017.778,-2.558244,0.3112361,-2.205844,-0.593811,0.9087523,0.07430927,0.002044027,-0.04317526,-0.01906732,0.2410725,DefaultPilot
3.5,538.4187,76.88493,-1017.822,-2.561587,0.3548121,-2.215656,-0.5342557,0.9664786,0.1059403,0.001691518,-0.03866677,-0.01869354,0.2411091,DefaultPilot
3.52,538.3674,76.89221,-1017.867,-2.564119,0.363822,-2.223175,-0.5148501,-0.7758754,0.1675889,0.001403346,-0.0340685,-0.0152602,0.2410916,DefaultPilot
3.54,538.3161,76.89898,-1017.911,-2.56596,0.3382493,-2.228694,-0.4790413,-2.542354,0.1969619,0.001216319,-0.02949518,-0.009916361,0.2426053,DefaultPilot
3.56,538.2648,76.9051,-1017.956,-2.567489,0.3061121,-2.233287,-0.4167407,-2.78803,0.1990114,0.001101513,-0.02482985,-0.006113902,0.2444969,DefaultPilot
3.58,538.2134,76.91045,-1018.001,-2.568734,0.2674055,-2.237003,-0.3387789,-3.190057,0.2005632,0.001036621,-0.02018139,-0.003450285,0.2475598,DefaultPilot
3.6,538.162,76.91489,-1018.046,-2.569723,0.2221247,-2.239887,-0.2626621,-3.519433,0.1987267,0.001036249,-0.0154579,-1.826002E-06,0.2518033,DefaultPilot
3.62,538.1106,76.91913,-1018.09,-2.570697,0.2120489,-2.242597,-0.1763195,-1.797518,0.182638,0.001093882,-0.01069373,0.003054775,0.2529302,DefaultPilot
3.64,538.0591,76.92387,-1018.135,-2.571576,0.237179,-2.2448,-0.112689,0.01662423,0.1758616,0.00123798,-0.005871463,0.007624767,0.2532896,DefaultPilot
3.66,538.0077,76.92934,-1018.18,-2.572226,0.2734665,-2.246037,-0.1422639,0.5732648,0.07068718,0.001468243,-0.001150366,0.01221693,0.2525293,DefaultPilot
3.68,537.9562,76.93568,-1018.225,-2.572636,0.3166936,-2.246198,-0.1380124,0.865409,0.03322028,0.001705881,0.003651021,0.01258494,0.253675,DefaultPilot
3.7,537.9048,76.94289,-1018.27,-2.57279,0.3604917,-2.245239,-0.09073588,0.8926342,0.06377745,0.001943393,0.008514883,0.01259728,0.2533018,DefaultPilot
3.72,537.8533,76.95026,-1018.315,-2.572702,0.3683589,-2.243471,-0.01528879,-0.886722,0.08440927,0.002231292,0.01320373,0.01527028,0.253289,DefaultPilot
3.74,537.8019,76.95706,-1018.36,-2.572458,0.3402934,-2.24123,0.06809153,-2.691368,0.08156756,0.002576793,0.017966,0.01830296,0.2517665,DefaultPilot
3.76,537.7504,76.96319,-1018.404,-2.57207,0.3062156,-2.238312,0.1554994,-2.970705,0.08274189,0.003023051,0.02260714,0.02364757,0.2494801,DefaultPilot
3.78,537.699,76.96851,-1018.449,-2.571564,0.266123,-2.234774,0.2361554,-3.258728,0.08429704,0.0035557,0.02732712,0.0282443,0.2494805,DefaultPilot
3.8,537.6476,76.97292,-1018.494,-2.570965,0.2200133,-2.230672,0.3393823,-3.513355,0.08636901,0.004153102,0.03206122,0.03166199,0.2471931,DefaultPilot
3.82,537.5962,76.97711,-1018.538,-2.570099,0.2096959,-2.224723,0.3670407,-1.69951,0.1178327,0.004822489,0.03674245,0.03548682,0.2456665,DefaultPilot
3.84,537.5448,76.98181,-1018.583,-2.56894,0.2351557,-2.216598,0.3733081,0.05590742,0.1548804,0.005564034,0.04126709,0.03928109,0.2418518,DefaultPilot
3.86,537.4935,76.98724,-1018.627,-2.567609,0.2717928,-2.206989,0.3079436,0.7403767,0.04457408,0.006441836,0.04572439,0.04654312,0.2376564,DefaultPilot
3.88,537.4421,76.99355,-1018.671,-2.566151,0.3153367,-2.196001,0.3241131,1.157132,0.05971281,0.007313208,0.05024335,0.04618126,0.2368937,DefaultPilot
3.9,537.3909,77.00073,-1018.714,-2.564607,0.3588275,-2.183921,0.3681363,1.116849,0.09236371,0.008169141,0.054768,0.0453551,0.2372734,DefaultPilot
3.92,537.3396,77.00805,-1018.758,-2.563222,0.3659065,-2.172749,0.4907144,-0.7243454,0.08487227,0.009061611,0.05915665,0.04731668,0.2372735,DefaultPilot
3.94,537.2883,77.01478,-1018.801,-2.56203,0.3365878,-2.162814,0.6270025,-2.511666,0.05839234,0.01003409,0.06363737,0.05150426,0.2357486,DefaultPilot
3.96,537.2371,77.02081,-1018.844,-2.560839,0.301842,-2.152463,0.7174085,-2.795686,0.06525538,0.01109871,0.06803646,0.05646328,0.2338386,DefaultPilot
3.98,537.1859,77.02605,-1018.887,-2.559668,0.2616692,-2.141746,0.8010628,-3.00178,0.07354056,0.01225145,0.07240085,0.06104296,0.2311745,DefaultPilot
4,537.1348,77.03036,-1018.93,-2.558536,0.21607,-2.130719,0.8973716,-3.204718,0.08115768,0.01350258,0.07667957,0.06638566,0.2258373,DefaultPilot
4.02,537.0836,77.03451,-1018.972,-2.557146,0.2071659,-2.116164,0.8553351,-1.330343,0.1488869,0.01482678,0.0807752,0.070223,0.2224119,DefaultPilot
4.04,537.0325,77.03921,-1019.014,-2.555532,0.2349292,-2.097766,0.7842382,0.5266913,0.2092806,0.01620885,0.08488643,0.07325273,0.2170527,DefaultPilot
4.06,536.9814,77.04465,-1019.055,-2.55392,0.2719383,-2.077589,0.7194588,1.076766,0.1500887,0.01776354,0.0889367,0.08235296,0.2117163,DefaultPilot
4.08,536.9304,77.05094,-1019.096,-2.552373,0.3147495,-2.055881,0.72123,1.409017,0.1734269,0.01930315,0.09286474,0.08165167,0.2101997,DefaultPilot
4.1,536.8794,77.05809,-1019.137,-2.55093,0.3574666,-2.033154,0.7514003,1.403988,0.2031652,0.02083249,0.09689729,0.0808482,0.2113518,DefaultPilot
4.12,536.8284,77.06537,-1019.177,-2.549792,0.3639302,-2.013002,0.9209673,-0.4008997,0.1741415,0.02238504,0.1008666,0.08237211,0.2109437,DefaultPilot
4.14,536.7774,77.07205,-1019.217,-2.548934,0.3341671,-1.995736,1.109176,-2.151074,0.1367737,0.02400911,0.1047895,0.08583014,0.2086676,DefaultPilot
4.16,536.7264,77.07803,-1019.257,-2.548193,0.299074,-1.978328,1.181123,-2.37811,0.1520865,0.02569413,0.1086967,0.08964539,0.2063703,DefaultPilot
4.18,536.6755,77.08321,-1019.296,-2.547577,0.2586533,-1.96083,1.271128,-2.644739,0.1695274,0.02746416,0.11248,0.0938553,0.2010293,DefaultPilot
4.2,536.6245,77.08746,-1019.335,-2.547096,0.2129085,-1.943297,1.353301,-2.793666,0.1865781,0.02931837,0.1161352,0.09762707,0.1949595,DefaultPilot
4.22,536.5736,77.09152,-1019.373,-2.546662,0.2029378,-1.920828,1.250811,-0.9699371,0.2773155,0.03120834,0.1197366,0.1002902,0.1896284,DefaultPilot
4.24,536.5227,77.0961,-1019.411,-2.546356,0.2287051,-1.893149,1.123248,0.8475404,0.3651618,0.03312227,0.1232398,0.1018762,0.1858293,DefaultPilot
4.26,536.4718,77.10139,-1019.449,-2.546271,0.2646142,-1.863283,1.040331,1.465732,0.3366895,0.03520853,0.126638,0.110627,0.1781634,DefaultPilot
4.28,536.4209,77.10752,-1019.485,-2.546456,0.3063328,-1.831745,1.025025,1.709622,0.3665085,0.037293,0.1299646,0.110263,0.1777352,DefaultPilot
4.3,536.3699,77.11448,-1019.521,-2.546912,0.347929,-1.799298,1.044232,1.726382,0.3918629,0.03934234,0.1333012,0.1087068,0.1781206,DefaultPilot
4.32,536.319,77.12157,-1019.557,-2.54753,0.3546063,-1.770826,1.248491,0.05227369,0.3560579,0.04139664,0.1366768,0.1094552,0.1766302,DefaultPilot
4.34,536.268,77.12811,-1019.591,-2.548237,0.3263997,-1.746599,1.470075,-1.67547,0.3187654,0.04351222,0.1399148,0.1114096,0.1720312,DefaultPilot
4.36,536.217,77.13395,-1019.626,-2.549118,0.2923778,-1.722595,1.543968,-1.854897,0.3389652,0.04565217,0.1430359,0.1136943,0.1670826,DefaultPilot
4.38,536.166,77.139,-1019.66,-2.55017,0.252546,-1.698867,1.622127,-2.074318,0.3609391,0.04782305,0.1460459,0.1156034,0.1613798,DefaultPilot
4.4,536.115,77.14314,-1019.693,-2.551392,0.206911,-1.675474,1.69962,-2.355754,0.3838342,0.05006073,0.1490204,0.1182599,0.153326,DefaultPilot
4.42,536.0639,77.14706,-1019.726,-2.553169,0.1960614,-1.646027,1.536277,-0.5330321,0.4822303,0.05234137,0.1518124,0.1205338,0.1476388,DefaultPilot
4.44,536.0128,77.15146,-1019.759,-2.555622,0.2199595,-1.61031,1.34901,1.283106,0.5753415,0.05465397,0.1544747,0.1220788,0.1418878,DefaultPilot
4.46,535.9617,77.15655,-1019.79,-2.558566,0.2544258,-1.572116,1.25247,1.875953,0.5752751,0.05705194,0.1569611,0.1281811,0.1324794,DefaultPilot
4.48,535.9104,77.16245,-1019.821,-2.561997,0.2948552,-1.532181,1.219181,2.175833,0.6055115,0.05947502,0.1594544,0.1285474,0.1323518,DefaultPilot
4.5,535.8591,77.16915,-1019.85,-2.565836,0.3351538,-1.491516,1.227426,2.20156,0.6281454,0.06190031,0.1619669,0.1270317,0.1327333,DefaultPilot
4.52,535.8077,77.17599,-1019.88,-2.569481,0.3419068,-1.455972,1.459976,0.5571129,0.5936001,0.06427866,0.1644318,0.1270432,0.1312122,DefaultPilot
4.54,535.7562,77.18229,-1019.908,-2.572819,0.315151,-1.425763,1.707217,-1.120443,0.5636144,0.06669302,0.1667874,0.1270212,0.1258854,DefaultPilot
4.56,535.7047,77.18794,-1019.936,-2.576339,0.2828413,-1.396042,1.775081,-1.302355,0.5878799,0.06909887,0.1690684,0.1277793,0.1198421,DefaultPilot
4.58,535.6531,77.19284,-1019.963,-2.580028,0.2449847,-1.366859,1.842157,-1.578337,0.6140259,0.07151352,0.1712164,0.1281703,0.1129634,DefaultPilot
4.6,535.6014,77.19687,-1019.99,-2.583875,0.2015891,-1.338265,1.91131,-1.789167,0.6402245,0.0739663,0.1731956,0.1293175,0.1052969,DefaultPilot
4.62,535.5497,77.20068,-1020.016,-2.588908,0.1909127,-1.30305,1.695306,-0.03580711,0.7303939,0.07641269,0.175049,0.131221,0.09758423,DefaultPilot
4.64,535.4978,77.20494,-1020.041,-2.595269,0.2129227,-1.261073,1.466922,1.686805,0.8098673,0.0788957,0.1767837,0.1316046,0.0922415,DefaultPilot
4.66,535.4457,77.20985,-1020.066,-2.602402,0.2451955,-1.21656,1.364669,2.209795,0.8243611,0.08147742,0.1783862,0.1357986,0.08507165,DefaultPilot
4.68,535.3936,77.21553,-1020.089,-2.610253,0.2843358,-1.170156,1.311663,2.600692,0.8530197,0.08401538,0.17998,0.1354184,0.08501144,DefaultPilot
4.7,535.3412,77.222,-1020.112,-2.618602,0.3233542,-1.123225,1.310401,2.579324,0.8702225,0.08654907,0.1815723,0.1342766,0.08423629,DefaultPilot
4.72,535.2886,77.2286,-1020.133,-2.626229,0.3298529,-1.082305,1.565183,1.014566,0.8423669,0.08910525,0.1831438,0.1342761,0.08234989,DefaultPilot
4.74,535.236,77.23468,-1020.154,-2.633,0.3038661,-1.047552,1.832998,-0.5620775,0.8250714,0.09164992,0.1845748,0.1346626,0.07661525,DefaultPilot
4.76,535.1832,77.24013,-1020.174,-2.639907,0.2722591,-1.013586,1.890638,-0.8543466,0.851372,0.09416212,0.1859161,0.1346578,0.07012382,DefaultPilot
4.78,535.1302,77.24483,-1020.194,-2.646932,0.2350399,-0.9804496,1.954689,-0.996002,0.8791386,0.09670708,0.1870855,0.1338933,0.06263578,DefaultPilot
4.8,535.0771,77.24867,-1020.213,-2.654057,0.1922172,-0.9481866,2.014982,-1.252192,0.9082587,0.09923101,0.1880948,0.1331338,0.05381859,DefaultPilot
4.82,535.0239,77.25231,-1020.231,-2.663121,0.181936,-0.9087532,1.757737,0.4157476,0.9793155,0.1017354,0.1889819,0.1327514,0.04700276,DefaultPilot
4.84,534.9704,77.25639,-1020.248,-2.674279,0.2041706,-0.8620707,1.489174,2.061904,1.042387,0.1042122,0.1897795,0.1319888,0.04162673,DefaultPilot
4.86,534.9167,77.26112,-1020.265,-2.686472,0.2361766,-0.8129559,1.383982,2.632311,1.057535,0.1067145,0.1904259,0.133515,0.03467649,DefaultPilot
4.88,534.8627,77.2666,-1020.28,-2.699546,0.2741888,-0.762224,1.321565,2.953769,1.076333,0.1092596,0.1910728,0.1338961,0.03441897,DefaultPilot
4.9,534.8084,77.27284,-1020.294,-2.713174,0.3121035,-0.7111889,1.318014,2.956502,1.086843,0.1117947,0.1917188,0.1335145,0.03438518,DefaultPilot
4.92,534.7539,77.27919,-1020.307,-2.725391,0.3175268,-0.666957,1.59651,1.35057,1.075408,0.1142678,0.1923362,0.1316071,0.0327469,DefaultPilot
4.94,534.6992,77.285,-1020.32,-2.736043,0.2904866,-0.6296207,1.885232,-0.2785231,1.074207,0.1166749,0.1928556,0.1296996,0.02743122,DefaultPilot
4.96,534.6442,77.29017,-1020.332,-2.746787,0.2587456,-0.593119,1.934029,-0.4349051,1.100916,0.1191136,0.1932702,0.1274108,0.02215777,DefaultPilot
4.98,534.5891,77.29462,-1020.343,-2.7576,0.2223106,-0.5574819,1.981018,-0.6674059,1.129136,0.1215293,0.1935479,0.1274108,0.01451757,DefaultPilot
5,534.5337,77.29824,-1020.354,-2.768465,0.1811889,-0.5227408,2.031177,-0.8337489,1.157619,0.1238962,0.1936472,0.1258849,0.00520733,DefaultPilot
5.02,534.478,77.30167,-1020.363,-2.781955,0.1711312,-0.4808927,1.752644,0.746478,1.204093,0.1262332,0.1936472,0.1235955,-6.775124E-05,DefaultPilot
5.04,534.4221,77.30551,-1020.372,-2.798218,0.1921221,-0.4319219,1.473256,2.330587,1.240871,0.128496,0.193562,0.1209253,-0.004603968,DefaultPilot
5.06,534.3657,77.30996,-1020.379,-2.815711,0.2223399,-0.3807468,1.409469,2.865103,1.269501,0.1306721,0.1934459,0.1155869,-0.00602211,DefaultPilot
5.08,534.309,77.31514,-1020.386,-2.834235,0.2588885,-0.3280314,1.305432,3.151121,1.261031,0.1328997,0.1932023,0.1182582,-0.01304583,DefaultPilot
5.1,534.252,77.32106,-1020.391,-2.853354,0.2959965,-0.2750988,1.292722,3.197266,1.26939,0.1351621,0.1929724,0.119017,-0.01219663,DefaultPilot
5.12,534.1945,77.32711,-1020.396,-2.870435,0.3024217,-0.229048,1.571762,1.648549,1.277892,0.1373207,0.1927775,0.1148246,-0.0103221,DefaultPilot
5.14,534.1368,77.33267,-1020.4,-2.885324,0.2781799,-0.1898953,1.85515,0.1048016,1.300029,0.1393965,0.1926477,0.1083442,-0.006893891,DefaultPilot
5.16,534.0789,77.33763,-1020.403,-2.900065,0.2481072,-0.1519945,1.913591,-0.2544926,1.325541,0.1413462,0.1925182,0.1041386,-0.006860835,DefaultPilot
5.18,534.0206,77.34187,-1020.405,-2.914621,0.2122084,-0.1153562,1.974383,-0.5467007,1.351049,0.1432365,0.1922807,0.1018379,-0.01256703,DefaultPilot
